Frame,True Label,Predicted (Anomaly)
Frame_1.csv,1,1
Frame_10.csv,1,1
Frame_100.csv,0,0
Frame_1000.csv,0,1
Frame_1001.csv,1,1
Frame_1002.csv,0,0
Frame_1003.csv,0,0
Frame_1004.csv,0,0
Frame_1005.csv,0,0
Frame_1006.csv,0,0
Frame_1007.csv,0,0
Frame_1008.csv,0,0
Frame_1009.csv,0,0
Frame_101.csv,0,0
Frame_1010.csv,0,0
Frame_1011.csv,0,0
Frame_1012.csv,0,0
Frame_1013.csv,0,0
Frame_1014.csv,0,0
Frame_1015.csv,0,0
Frame_1016.csv,0,0
Frame_1017.csv,0,0
Frame_1018.csv,0,0
Frame_1019.csv,0,0
Frame_102.csv,0,0
Frame_1020.csv,0,0
Frame_1021.csv,0,0
Frame_1022.csv,0,0
Frame_1023.csv,0,0
Frame_1024.csv,0,0
Frame_1025.csv,0,0
Frame_1026.csv,0,0
Frame_1027.csv,0,0
Frame_1028.csv,0,0
Frame_1029.csv,1,1
Frame_103.csv,0,0
Frame_1030.csv,0,1
Frame_1031.csv,0,0
Frame_1032.csv,0,0
Frame_1033.csv,0,0
Frame_1034.csv,0,0
Frame_1035.csv,0,0
Frame_1036.csv,0,0
Frame_1037.csv,0,0
Frame_1038.csv,0,0
Frame_1039.csv,0,0
Frame_104.csv,0,0
Frame_1040.csv,0,0
Frame_1041.csv,0,0
Frame_1042.csv,0,0
Frame_1043.csv,0,0
Frame_1044.csv,0,0
Frame_1045.csv,0,0
Frame_1046.csv,0,0
Frame_1047.csv,0,0
Frame_1048.csv,0,0
Frame_1049.csv,0,0
Frame_105.csv,0,0
Frame_1050.csv,0,0
Frame_1051.csv,0,0
Frame_1052.csv,0,0
Frame_1053.csv,0,0
Frame_1054.csv,0,0
Frame_1055.csv,0,0
Frame_1056.csv,0,0
Frame_1057.csv,0,0
Frame_1058.csv,0,0
Frame_1059.csv,0,0
Frame_106.csv,0,0
Frame_1060.csv,0,0
Frame_1061.csv,0,0
Frame_1062.csv,0,0
Frame_1063.csv,0,0
Frame_1064.csv,0,0
Frame_1065.csv,0,0
Frame_1066.csv,0,0
Frame_1067.csv,0,0
Frame_1068.csv,0,0
Frame_1069.csv,0,0
Frame_107.csv,0,0
Frame_1070.csv,0,1
Frame_1071.csv,1,1
Frame_1072.csv,0,0
Frame_1073.csv,0,1
Frame_1074.csv,0,0
Frame_1075.csv,0,0
Frame_1076.csv,0,0
Frame_1077.csv,0,0
Frame_1078.csv,0,0
Frame_1079.csv,0,0
Frame_108.csv,0,0
Frame_1080.csv,0,0
Frame_1081.csv,0,0
Frame_1082.csv,0,0
Frame_1083.csv,0,0
Frame_1084.csv,0,0
Frame_1085.csv,0,0
Frame_1086.csv,0,0
Frame_1087.csv,0,0
Frame_1088.csv,0,0
Frame_1089.csv,0,0
Frame_109.csv,0,0
Frame_1090.csv,0,0
Frame_1091.csv,0,0
Frame_1092.csv,0,0
Frame_1093.csv,0,0
Frame_1094.csv,0,0
Frame_1095.csv,0,0
Frame_1096.csv,0,0
Frame_1097.csv,0,0
Frame_1098.csv,0,0
Frame_1099.csv,0,0
Frame_11.csv,1,1
Frame_110.csv,0,0
Frame_1100.csv,0,0
Frame_1101.csv,1,1
Frame_1102.csv,0,0
Frame_1103.csv,0,0
Frame_1104.csv,0,0
Frame_1105.csv,0,0
Frame_1106.csv,0,0
Frame_1107.csv,0,0
Frame_1108.csv,0,0
Frame_1109.csv,0,0
Frame_111.csv,0,0
Frame_1110.csv,0,0
Frame_1111.csv,0,0
Frame_1112.csv,0,0
Frame_1113.csv,0,0
Frame_1114.csv,0,0
Frame_1115.csv,0,0
Frame_1116.csv,0,0
Frame_1117.csv,0,0
Frame_1118.csv,0,0
Frame_1119.csv,0,0
Frame_112.csv,0,0
Frame_1120.csv,0,0
Frame_1121.csv,0,0
Frame_1122.csv,0,0
Frame_1123.csv,0,0
Frame_1124.csv,0,0
Frame_1125.csv,0,1
Frame_1126.csv,0,0
Frame_1127.csv,0,0
Frame_1128.csv,0,0
Frame_1129.csv,0,0
Frame_113.csv,0,0
Frame_1130.csv,0,0
Frame_1131.csv,0,0
Frame_1132.csv,0,0
Frame_1133.csv,0,0
Frame_1134.csv,0,0
Frame_1135.csv,0,0
Frame_1136.csv,0,0
Frame_1137.csv,0,0
Frame_1138.csv,0,0
Frame_1139.csv,0,0
Frame_114.csv,0,0
Frame_1140.csv,0,0
Frame_1141.csv,0,0
Frame_1142.csv,0,0
Frame_1143.csv,0,0
Frame_1144.csv,0,0
Frame_1145.csv,0,0
Frame_1146.csv,0,0
Frame_1147.csv,0,0
Frame_1148.csv,0,0
Frame_1149.csv,0,0
Frame_115.csv,0,0
Frame_1150.csv,0,0
Frame_1151.csv,0,0
Frame_1152.csv,0,0
Frame_1153.csv,0,1
Frame_1154.csv,0,0
Frame_1155.csv,0,0
Frame_1156.csv,0,0
Frame_1157.csv,0,0
Frame_1158.csv,0,0
Frame_1159.csv,0,0
Frame_116.csv,0,0
Frame_1160.csv,0,0
Frame_1161.csv,0,0
Frame_1162.csv,0,0
Frame_1163.csv,0,0
Frame_1164.csv,0,0
Frame_1165.csv,0,0
Frame_1166.csv,0,0
Frame_1167.csv,0,0
Frame_1168.csv,0,0
Frame_1169.csv,0,0
Frame_117.csv,0,0
Frame_1170.csv,0,0
Frame_1171.csv,0,0
Frame_1172.csv,0,0
Frame_1173.csv,0,0
Frame_1174.csv,0,0
Frame_1175.csv,0,0
Frame_1176.csv,0,0
Frame_1177.csv,0,1
Frame_1178.csv,0,1
Frame_1179.csv,0,0
Frame_118.csv,0,1
Frame_1180.csv,0,0
Frame_1181.csv,0,0
Frame_1182.csv,0,0
Frame_1183.csv,0,0
Frame_1184.csv,0,0
Frame_1185.csv,0,1
Frame_1186.csv,0,0
Frame_1187.csv,0,0
Frame_1188.csv,0,0
Frame_1189.csv,0,0
Frame_119.csv,0,0
Frame_1190.csv,0,0
Frame_1191.csv,0,0
Frame_1192.csv,0,0
Frame_1193.csv,0,0
Frame_1194.csv,0,0
Frame_1195.csv,0,0
Frame_1196.csv,0,0
Frame_1197.csv,0,0
Frame_1198.csv,0,0
Frame_1199.csv,0,0
Frame_12.csv,1,1
Frame_120.csv,0,0
Frame_1200.csv,0,0
Frame_1201.csv,0,0
Frame_1202.csv,0,0
Frame_1203.csv,0,0
Frame_1204.csv,0,0
Frame_1205.csv,0,0
Frame_1206.csv,0,0
Frame_1207.csv,0,0
Frame_1208.csv,0,0
Frame_1209.csv,0,0
Frame_121.csv,0,0
Frame_1210.csv,0,0
Frame_1211.csv,0,0
Frame_1212.csv,0,0
Frame_1213.csv,0,0
Frame_1214.csv,0,0
Frame_1215.csv,0,0
Frame_1216.csv,0,0
Frame_1217.csv,0,0
Frame_1218.csv,0,0
Frame_1219.csv,0,0
Frame_122.csv,0,0
Frame_1220.csv,0,0
Frame_1221.csv,0,0
Frame_1222.csv,0,0
Frame_1223.csv,0,0
Frame_1224.csv,0,0
Frame_1225.csv,0,0
Frame_1226.csv,0,0
Frame_1227.csv,0,0
Frame_1228.csv,0,0
Frame_1229.csv,0,1
Frame_123.csv,0,0
Frame_1230.csv,0,0
Frame_1231.csv,0,0
Frame_1232.csv,0,0
Frame_1233.csv,0,0
Frame_1234.csv,0,0
Frame_1235.csv,0,0
Frame_1236.csv,0,0
Frame_1237.csv,0,0
Frame_1238.csv,0,0
Frame_1239.csv,0,0
Frame_124.csv,0,0
Frame_1240.csv,0,0
Frame_1241.csv,0,0
Frame_1242.csv,0,0
Frame_1243.csv,0,0
Frame_1244.csv,0,0
Frame_1245.csv,0,0
Frame_1246.csv,0,0
Frame_1247.csv,0,0
Frame_1248.csv,0,0
Frame_1249.csv,0,0
Frame_125.csv,0,0
Frame_1250.csv,0,0
Frame_1251.csv,0,0
Frame_1252.csv,0,0
Frame_1253.csv,0,0
Frame_1254.csv,0,0
Frame_1255.csv,0,0
Frame_1256.csv,0,0
Frame_1257.csv,0,0
Frame_1258.csv,0,0
Frame_1259.csv,0,0
Frame_126.csv,0,0
Frame_1260.csv,0,0
Frame_1261.csv,0,0
Frame_1262.csv,0,0
Frame_1263.csv,0,0
Frame_1264.csv,0,0
Frame_1265.csv,0,0
Frame_1266.csv,0,0
Frame_1267.csv,0,0
Frame_1268.csv,0,0
Frame_1269.csv,0,0
Frame_127.csv,0,0
Frame_1270.csv,0,0
Frame_1271.csv,0,0
Frame_1272.csv,0,0
Frame_1273.csv,0,0
Frame_1274.csv,0,1
Frame_1275.csv,0,0
Frame_1276.csv,0,0
Frame_1277.csv,0,0
Frame_1278.csv,0,0
Frame_1279.csv,0,0
Frame_128.csv,0,0
Frame_1280.csv,0,0
Frame_1281.csv,0,0
Frame_1282.csv,0,0
Frame_1283.csv,0,0
Frame_1284.csv,0,0
Frame_1285.csv,0,0
Frame_1286.csv,0,0
Frame_1287.csv,0,0
Frame_1288.csv,0,0
Frame_1289.csv,0,0
Frame_129.csv,0,0
Frame_1290.csv,0,0
Frame_1291.csv,0,0
Frame_1292.csv,0,0
Frame_1293.csv,0,0
Frame_1294.csv,1,1
Frame_1295.csv,0,0
Frame_1296.csv,0,0
Frame_1297.csv,0,0
Frame_1298.csv,0,0
Frame_1299.csv,0,0
Frame_13.csv,1,1
Frame_130.csv,0,0
Frame_1300.csv,0,0
Frame_1301.csv,0,0
Frame_1302.csv,0,0
Frame_1303.csv,0,0
Frame_1304.csv,0,0
Frame_1305.csv,0,0
Frame_1306.csv,0,0
Frame_1307.csv,0,0
Frame_1308.csv,0,0
Frame_1309.csv,0,0
Frame_131.csv,0,0
Frame_1310.csv,0,0
Frame_1311.csv,0,0
Frame_1312.csv,0,0
Frame_1313.csv,0,0
Frame_1314.csv,0,0
Frame_1315.csv,0,0
Frame_1316.csv,0,0
Frame_1317.csv,0,0
Frame_1318.csv,0,0
Frame_1319.csv,0,0
Frame_132.csv,0,0
Frame_1320.csv,0,0
Frame_1321.csv,0,1
Frame_1322.csv,0,0
Frame_1323.csv,0,0
Frame_1324.csv,0,0
Frame_1325.csv,1,1
Frame_1326.csv,1,1
Frame_1327.csv,1,1
Frame_1328.csv,0,0
Frame_1329.csv,0,0
Frame_133.csv,0,0
Frame_1330.csv,0,0
Frame_1331.csv,0,0
Frame_1332.csv,0,0
Frame_1333.csv,0,0
Frame_1334.csv,0,0
Frame_1335.csv,0,0
Frame_1336.csv,0,0
Frame_1337.csv,0,0
Frame_1338.csv,0,0
Frame_1339.csv,0,0
Frame_134.csv,0,1
Frame_1340.csv,0,0
Frame_1341.csv,0,0
Frame_1342.csv,0,0
Frame_1343.csv,0,0
Frame_1344.csv,0,0
Frame_1345.csv,0,0
Frame_1346.csv,0,0
Frame_1347.csv,0,0
Frame_1348.csv,0,0
Frame_1349.csv,0,0
Frame_135.csv,0,0
Frame_1350.csv,1,1
Frame_1351.csv,0,0
Frame_1352.csv,0,0
Frame_1353.csv,0,0
Frame_1354.csv,0,0
Frame_1355.csv,0,0
Frame_1356.csv,0,0
Frame_1357.csv,0,0
Frame_1358.csv,0,0
Frame_1359.csv,0,0
Frame_136.csv,0,0
Frame_1360.csv,0,0
Frame_1361.csv,0,0
Frame_1362.csv,0,0
Frame_1363.csv,0,0
Frame_1364.csv,0,0
Frame_1365.csv,0,0
Frame_1366.csv,0,0
Frame_1367.csv,0,1
Frame_1368.csv,0,0
Frame_1369.csv,0,0
Frame_137.csv,0,0
Frame_1370.csv,0,0
Frame_1371.csv,0,0
Frame_1372.csv,0,0
Frame_1373.csv,0,0
Frame_1374.csv,0,0
Frame_1375.csv,0,1
Frame_1376.csv,0,0
Frame_1377.csv,0,0
Frame_1378.csv,0,0
Frame_1379.csv,0,0
Frame_138.csv,0,0
Frame_1380.csv,0,0
Frame_1381.csv,0,0
Frame_1382.csv,0,0
Frame_1383.csv,0,0
Frame_1384.csv,0,0
Frame_1385.csv,0,0
Frame_1386.csv,0,0
Frame_1387.csv,0,0
Frame_1388.csv,0,0
Frame_1389.csv,0,0
Frame_139.csv,0,0
Frame_1390.csv,0,0
Frame_1391.csv,0,0
Frame_1392.csv,0,0
Frame_1393.csv,0,0
Frame_1394.csv,0,1
Frame_1395.csv,0,0
Frame_1396.csv,0,0
Frame_1397.csv,0,0
Frame_1398.csv,0,0
Frame_1399.csv,0,0
Frame_14.csv,1,1
Frame_140.csv,0,0
Frame_1400.csv,0,0
Frame_1401.csv,0,0
Frame_1402.csv,0,0
Frame_1403.csv,0,0
Frame_1404.csv,0,0
Frame_1405.csv,0,0
Frame_1406.csv,0,0
Frame_1407.csv,0,0
Frame_1408.csv,0,0
Frame_1409.csv,0,0
Frame_141.csv,0,0
Frame_1410.csv,0,0
Frame_1411.csv,0,0
Frame_1412.csv,0,0
Frame_1413.csv,0,0
Frame_1414.csv,0,0
Frame_1415.csv,0,0
Frame_1416.csv,0,0
Frame_1417.csv,0,0
Frame_1418.csv,0,0
Frame_1419.csv,0,0
Frame_142.csv,0,0
Frame_1420.csv,0,0
Frame_1421.csv,0,1
Frame_1422.csv,0,0
Frame_1423.csv,0,0
Frame_1424.csv,0,0
Frame_1425.csv,0,0
Frame_1426.csv,0,0
Frame_1427.csv,0,0
Frame_1428.csv,0,0
Frame_1429.csv,0,0
Frame_143.csv,0,0
Frame_1430.csv,0,0
Frame_1431.csv,0,0
Frame_1432.csv,0,0
Frame_1433.csv,0,0
Frame_1434.csv,0,0
Frame_1435.csv,0,0
Frame_1436.csv,0,0
Frame_1437.csv,0,0
Frame_1438.csv,0,0
Frame_1439.csv,0,0
Frame_144.csv,0,0
Frame_1440.csv,0,0
Frame_1441.csv,0,0
Frame_1442.csv,0,0
Frame_1443.csv,0,0
Frame_1444.csv,0,0
Frame_1445.csv,1,1
Frame_1446.csv,1,1
Frame_1447.csv,0,0
Frame_1448.csv,0,0
Frame_1449.csv,0,0
Frame_145.csv,0,0
Frame_1450.csv,0,0
Frame_1451.csv,0,1
Frame_1452.csv,0,0
Frame_1453.csv,0,0
Frame_1454.csv,0,0
Frame_1455.csv,0,0
Frame_1456.csv,0,1
Frame_1457.csv,0,0
Frame_1458.csv,0,0
Frame_1459.csv,0,0
Frame_146.csv,0,0
Frame_1460.csv,0,0
Frame_1461.csv,0,0
Frame_1462.csv,0,0
Frame_1463.csv,0,1
Frame_1464.csv,0,0
Frame_1465.csv,0,0
Frame_1466.csv,0,0
Frame_1467.csv,0,1
Frame_1468.csv,0,0
Frame_1469.csv,0,0
Frame_147.csv,0,0
Frame_1470.csv,0,1
Frame_1471.csv,0,0
Frame_1472.csv,0,0
Frame_1473.csv,0,0
Frame_1474.csv,0,0
Frame_1475.csv,0,0
Frame_1476.csv,0,0
Frame_1477.csv,0,0
Frame_1478.csv,0,0
Frame_1479.csv,0,0
Frame_148.csv,0,0
Frame_1480.csv,0,0
Frame_1481.csv,0,0
Frame_1482.csv,0,0
Frame_1483.csv,0,0
Frame_1484.csv,0,0
Frame_1485.csv,0,0
Frame_1486.csv,0,0
Frame_1487.csv,0,0
Frame_1488.csv,0,1
Frame_1489.csv,0,1
Frame_149.csv,0,0
Frame_1490.csv,0,1
Frame_1491.csv,0,0
Frame_1492.csv,0,0
Frame_1493.csv,0,0
Frame_1494.csv,0,0
Frame_1495.csv,0,0
Frame_1496.csv,0,0
Frame_1497.csv,0,0
Frame_1498.csv,0,0
Frame_1499.csv,0,0
Frame_15.csv,1,1
Frame_150.csv,0,0
Frame_1500.csv,0,0
Frame_1501.csv,0,0
Frame_1502.csv,0,0
Frame_1503.csv,0,0
Frame_1504.csv,0,0
Frame_1505.csv,0,0
Frame_1506.csv,0,0
Frame_1507.csv,0,1
Frame_1508.csv,0,0
Frame_1509.csv,0,0
Frame_151.csv,0,0
Frame_1510.csv,1,1
Frame_1511.csv,0,1
Frame_1512.csv,0,0
Frame_1513.csv,0,0
Frame_1514.csv,0,0
Frame_1515.csv,0,0
Frame_1516.csv,0,0
Frame_1517.csv,0,0
Frame_1518.csv,0,0
Frame_1519.csv,0,0
Frame_152.csv,0,0
Frame_1520.csv,0,0
Frame_1521.csv,0,0
Frame_1522.csv,0,0
Frame_1523.csv,0,0
Frame_1524.csv,0,1
Frame_1525.csv,0,0
Frame_1526.csv,0,0
Frame_1527.csv,0,0
Frame_1528.csv,0,0
Frame_1529.csv,0,0
Frame_153.csv,0,0
Frame_1530.csv,0,0
Frame_1531.csv,0,0
Frame_1532.csv,0,0
Frame_1533.csv,0,0
Frame_1534.csv,0,0
Frame_1535.csv,0,0
Frame_1536.csv,0,0
Frame_1537.csv,0,0
Frame_1538.csv,0,0
Frame_1539.csv,0,0
Frame_154.csv,0,0
Frame_1540.csv,0,0
Frame_1541.csv,0,0
Frame_1542.csv,0,0
Frame_1543.csv,0,0
Frame_1544.csv,0,0
Frame_1545.csv,0,0
Frame_1546.csv,0,0
Frame_1547.csv,0,0
Frame_1548.csv,0,0
Frame_1549.csv,0,0
Frame_155.csv,0,0
Frame_1550.csv,0,0
Frame_1551.csv,0,0
Frame_1552.csv,0,0
Frame_1553.csv,0,0
Frame_1554.csv,0,0
Frame_1555.csv,0,0
Frame_1556.csv,0,0
Frame_1557.csv,0,0
Frame_1558.csv,0,0
Frame_1559.csv,0,1
Frame_156.csv,0,0
Frame_1560.csv,0,0
Frame_1561.csv,0,0
Frame_1562.csv,0,0
Frame_1563.csv,0,0
Frame_1564.csv,0,0
Frame_157.csv,0,0
Frame_158.csv,0,0
Frame_159.csv,0,0
Frame_16.csv,1,1
Frame_160.csv,0,1
Frame_161.csv,0,0
Frame_162.csv,0,0
Frame_163.csv,0,0
Frame_164.csv,0,0
Frame_165.csv,0,0
Frame_166.csv,0,0
Frame_167.csv,0,0
Frame_168.csv,0,0
Frame_169.csv,0,0
Frame_17.csv,1,1
Frame_170.csv,0,0
Frame_171.csv,0,0
Frame_172.csv,0,0
Frame_173.csv,0,0
Frame_174.csv,0,0
Frame_175.csv,0,0
Frame_176.csv,0,0
Frame_177.csv,0,0
Frame_178.csv,0,0
Frame_179.csv,0,0
Frame_18.csv,1,1
Frame_180.csv,0,0
Frame_181.csv,0,0
Frame_182.csv,0,0
Frame_183.csv,0,0
Frame_184.csv,0,0
Frame_185.csv,0,0
Frame_186.csv,0,0
Frame_187.csv,0,0
Frame_188.csv,0,0
Frame_189.csv,0,0
Frame_19.csv,1,1
Frame_190.csv,0,0
Frame_191.csv,0,1
Frame_192.csv,0,0
Frame_193.csv,0,0
Frame_194.csv,0,0
Frame_195.csv,0,0
Frame_196.csv,0,0
Frame_197.csv,0,0
Frame_198.csv,0,0
Frame_199.csv,0,0
Frame_2.csv,1,1
Frame_20.csv,1,1
Frame_200.csv,0,0
Frame_201.csv,0,0
Frame_202.csv,0,0
Frame_203.csv,0,0
Frame_204.csv,0,0
Frame_205.csv,0,0
Frame_206.csv,0,0
Frame_207.csv,0,0
Frame_208.csv,0,0
Frame_209.csv,0,0
Frame_21.csv,1,1
Frame_210.csv,0,0
Frame_211.csv,0,0
Frame_212.csv,0,0
Frame_213.csv,0,0
Frame_214.csv,0,0
Frame_215.csv,0,0
Frame_216.csv,1,1
Frame_217.csv,0,1
Frame_218.csv,0,0
Frame_219.csv,0,0
Frame_22.csv,1,1
Frame_220.csv,0,1
Frame_221.csv,0,0
Frame_222.csv,0,0
Frame_223.csv,0,0
Frame_224.csv,0,0
Frame_225.csv,0,0
Frame_226.csv,0,0
Frame_227.csv,0,0
Frame_228.csv,0,0
Frame_229.csv,0,0
Frame_23.csv,1,1
Frame_230.csv,0,0
Frame_231.csv,0,0
Frame_232.csv,0,0
Frame_233.csv,0,0
Frame_234.csv,0,0
Frame_235.csv,0,0
Frame_236.csv,0,0
Frame_237.csv,0,1
Frame_238.csv,0,0
Frame_239.csv,0,0
Frame_24.csv,1,1
Frame_240.csv,0,0
Frame_241.csv,0,0
Frame_242.csv,0,0
Frame_243.csv,0,0
Frame_244.csv,0,0
Frame_245.csv,0,0
Frame_246.csv,0,0
Frame_247.csv,0,0
Frame_248.csv,0,0
Frame_249.csv,0,0
Frame_25.csv,1,1
Frame_250.csv,0,0
Frame_251.csv,0,0
Frame_252.csv,0,0
Frame_253.csv,0,0
Frame_254.csv,0,0
Frame_255.csv,0,0
Frame_256.csv,0,0
Frame_257.csv,0,0
Frame_258.csv,0,0
Frame_259.csv,0,0
Frame_26.csv,1,1
Frame_260.csv,0,0
Frame_261.csv,0,0
Frame_262.csv,0,0
Frame_263.csv,0,0
Frame_264.csv,0,0
Frame_265.csv,0,0
Frame_266.csv,0,1
Frame_267.csv,0,0
Frame_268.csv,0,0
Frame_269.csv,0,0
Frame_27.csv,0,1
Frame_270.csv,0,0
Frame_271.csv,0,0
Frame_272.csv,0,0
Frame_273.csv,0,0
Frame_274.csv,0,0
Frame_275.csv,0,0
Frame_276.csv,0,0
Frame_277.csv,0,0
Frame_278.csv,0,0
Frame_279.csv,0,0
Frame_28.csv,1,1
Frame_280.csv,0,0
Frame_281.csv,0,0
Frame_282.csv,0,0
Frame_283.csv,0,0
Frame_284.csv,0,0
Frame_285.csv,0,0
Frame_286.csv,0,0
Frame_287.csv,0,0
Frame_288.csv,0,0
Frame_289.csv,0,0
Frame_29.csv,1,1
Frame_290.csv,0,0
Frame_291.csv,0,0
Frame_292.csv,0,0
Frame_293.csv,0,0
Frame_294.csv,1,1
Frame_295.csv,0,0
Frame_296.csv,0,0
Frame_297.csv,0,0
Frame_298.csv,0,0
Frame_299.csv,0,0
Frame_3.csv,1,1
Frame_30.csv,1,1
Frame_300.csv,0,0
Frame_301.csv,0,0
Frame_302.csv,0,0
Frame_303.csv,0,0
Frame_304.csv,0,0
Frame_305.csv,0,0
Frame_306.csv,0,0
Frame_307.csv,0,0
Frame_308.csv,0,0
Frame_309.csv,0,0
Frame_31.csv,1,1
Frame_310.csv,0,0
Frame_311.csv,0,0
Frame_312.csv,0,0
Frame_313.csv,0,0
Frame_314.csv,0,0
Frame_315.csv,0,0
Frame_316.csv,0,1
Frame_317.csv,1,1
Frame_318.csv,0,1
Frame_319.csv,0,0
Frame_32.csv,0,1
Frame_320.csv,0,0
Frame_321.csv,0,0
Frame_322.csv,0,0
Frame_323.csv,0,0
Frame_324.csv,0,0
Frame_325.csv,0,0
Frame_326.csv,0,0
Frame_327.csv,0,0
Frame_328.csv,0,0
Frame_329.csv,0,0
Frame_33.csv,0,1
Frame_330.csv,0,0
Frame_331.csv,0,0
Frame_332.csv,0,0
Frame_333.csv,0,0
Frame_334.csv,0,0
Frame_335.csv,0,0
Frame_336.csv,0,0
Frame_337.csv,0,0
Frame_338.csv,0,0
Frame_339.csv,0,0
Frame_34.csv,0,1
Frame_340.csv,0,0
Frame_341.csv,0,0
Frame_342.csv,0,0
Frame_343.csv,0,0
Frame_344.csv,0,0
Frame_345.csv,0,0
Frame_346.csv,0,0
Frame_347.csv,0,0
Frame_348.csv,0,1
Frame_349.csv,0,0
Frame_35.csv,1,1
Frame_350.csv,0,0
Frame_351.csv,0,0
Frame_352.csv,0,0
Frame_353.csv,0,0
Frame_354.csv,0,0
Frame_355.csv,0,0
Frame_356.csv,0,0
Frame_357.csv,0,0
Frame_358.csv,0,0
Frame_359.csv,0,0
Frame_36.csv,1,1
Frame_360.csv,0,0
Frame_361.csv,0,0
Frame_362.csv,0,0
Frame_363.csv,0,0
Frame_364.csv,0,0
Frame_365.csv,0,0
Frame_366.csv,0,0
Frame_367.csv,0,0
Frame_368.csv,0,0
Frame_369.csv,0,0
Frame_37.csv,1,1
Frame_370.csv,0,0
Frame_371.csv,0,0
Frame_372.csv,0,0
Frame_373.csv,0,0
Frame_374.csv,0,0
Frame_375.csv,0,0
Frame_376.csv,0,0
Frame_377.csv,0,0
Frame_378.csv,0,0
Frame_379.csv,0,0
Frame_38.csv,1,1
Frame_380.csv,0,0
Frame_381.csv,0,0
Frame_382.csv,0,0
Frame_383.csv,0,0
Frame_384.csv,0,0
Frame_385.csv,0,0
Frame_386.csv,0,0
Frame_387.csv,0,0
Frame_388.csv,0,0
Frame_389.csv,0,0
Frame_39.csv,1,1
Frame_390.csv,0,0
Frame_391.csv,0,0
Frame_392.csv,0,0
Frame_393.csv,0,1
Frame_394.csv,0,1
Frame_395.csv,0,0
Frame_396.csv,0,0
Frame_397.csv,0,0
Frame_398.csv,0,0
Frame_399.csv,0,0
Frame_4.csv,1,1
Frame_40.csv,1,1
Frame_400.csv,0,0
Frame_401.csv,0,0
Frame_402.csv,0,0
Frame_403.csv,0,0
Frame_404.csv,0,0
Frame_405.csv,0,0
Frame_406.csv,0,0
Frame_407.csv,0,0
Frame_408.csv,0,0
Frame_409.csv,0,0
Frame_41.csv,0,1
Frame_410.csv,0,0
Frame_411.csv,0,0
Frame_412.csv,0,0
Frame_413.csv,0,0
Frame_414.csv,0,0
Frame_415.csv,0,0
Frame_416.csv,0,0
Frame_417.csv,0,0
Frame_418.csv,1,1
Frame_419.csv,0,1
Frame_42.csv,1,1
Frame_420.csv,0,0
Frame_421.csv,0,0
Frame_422.csv,0,0
Frame_423.csv,0,0
Frame_424.csv,0,0
Frame_425.csv,0,0
Frame_426.csv,0,0
Frame_427.csv,0,0
Frame_428.csv,0,0
Frame_429.csv,0,0
Frame_43.csv,1,1
Frame_430.csv,0,0
Frame_431.csv,0,0
Frame_432.csv,0,0
Frame_433.csv,0,0
Frame_434.csv,0,0
Frame_435.csv,0,0
Frame_436.csv,0,0
Frame_437.csv,0,0
Frame_438.csv,0,0
Frame_439.csv,0,0
Frame_44.csv,0,1
Frame_440.csv,0,0
Frame_441.csv,0,0
Frame_442.csv,0,0
Frame_443.csv,0,0
Frame_444.csv,0,0
Frame_445.csv,0,0
Frame_446.csv,0,0
Frame_447.csv,0,0
Frame_448.csv,0,0
Frame_449.csv,0,0
Frame_45.csv,1,1
Frame_450.csv,0,0
Frame_451.csv,0,0
Frame_452.csv,0,0
Frame_453.csv,0,1
Frame_454.csv,0,0
Frame_455.csv,0,0
Frame_456.csv,0,0
Frame_457.csv,0,0
Frame_458.csv,0,0
Frame_459.csv,0,0
Frame_46.csv,1,1
Frame_460.csv,0,0
Frame_461.csv,0,0
Frame_462.csv,0,0
Frame_463.csv,0,0
Frame_464.csv,0,0
Frame_465.csv,0,0
Frame_466.csv,0,0
Frame_467.csv,0,0
Frame_468.csv,0,0
Frame_469.csv,0,0
Frame_47.csv,1,1
Frame_470.csv,0,0
Frame_471.csv,0,0
Frame_472.csv,0,0
Frame_473.csv,0,0
Frame_474.csv,0,0
Frame_475.csv,0,0
Frame_476.csv,0,0
Frame_477.csv,0,0
Frame_478.csv,0,0
Frame_479.csv,0,0
Frame_48.csv,0,1
Frame_480.csv,0,0
Frame_481.csv,0,0
Frame_482.csv,0,0
Frame_483.csv,0,1
Frame_484.csv,1,1
Frame_485.csv,0,0
Frame_486.csv,0,0
Frame_487.csv,0,0
Frame_488.csv,0,0
Frame_489.csv,0,0
Frame_49.csv,1,1
Frame_490.csv,0,0
Frame_491.csv,0,0
Frame_492.csv,0,0
Frame_493.csv,0,0
Frame_494.csv,0,0
Frame_495.csv,0,0
Frame_496.csv,0,0
Frame_497.csv,0,0
Frame_498.csv,0,0
Frame_499.csv,0,0
Frame_5.csv,1,1
Frame_50.csv,1,1
Frame_500.csv,0,0
Frame_501.csv,0,0
Frame_502.csv,0,0
Frame_503.csv,0,0
Frame_504.csv,0,0
Frame_505.csv,0,0
Frame_506.csv,0,0
Frame_507.csv,0,0
Frame_508.csv,0,0
Frame_509.csv,0,0
Frame_51.csv,0,1
Frame_510.csv,1,1
Frame_511.csv,0,0
Frame_512.csv,0,0
Frame_513.csv,0,0
Frame_514.csv,0,0
Frame_515.csv,0,0
Frame_516.csv,0,0
Frame_517.csv,0,0
Frame_518.csv,0,0
Frame_519.csv,0,0
Frame_52.csv,1,1
Frame_520.csv,0,0
Frame_521.csv,0,0
Frame_522.csv,0,0
Frame_523.csv,0,0
Frame_524.csv,0,0
Frame_525.csv,0,0
Frame_526.csv,0,0
Frame_527.csv,0,0
Frame_528.csv,0,0
Frame_529.csv,0,0
Frame_53.csv,0,1
Frame_530.csv,0,0
Frame_531.csv,0,0
Frame_532.csv,0,0
Frame_533.csv,0,0
Frame_534.csv,0,0
Frame_535.csv,0,0
Frame_536.csv,0,0
Frame_537.csv,0,0
Frame_538.csv,1,1
Frame_539.csv,1,1
Frame_54.csv,0,1
Frame_540.csv,0,0
Frame_541.csv,0,0
Frame_542.csv,0,0
Frame_543.csv,0,0
Frame_544.csv,0,0
Frame_545.csv,0,0
Frame_546.csv,0,0
Frame_547.csv,0,0
Frame_548.csv,0,0
Frame_549.csv,0,0
Frame_55.csv,0,0
Frame_550.csv,0,0
Frame_551.csv,0,0
Frame_552.csv,0,0
Frame_553.csv,0,0
Frame_554.csv,0,0
Frame_555.csv,0,0
Frame_556.csv,0,0
Frame_557.csv,0,0
Frame_558.csv,0,0
Frame_559.csv,0,0
Frame_56.csv,0,0
Frame_560.csv,0,0
Frame_561.csv,0,0
Frame_562.csv,0,0
Frame_563.csv,0,1
Frame_564.csv,1,1
Frame_565.csv,0,0
Frame_566.csv,0,0
Frame_567.csv,0,0
Frame_568.csv,0,0
Frame_569.csv,0,0
Frame_57.csv,0,0
Frame_570.csv,0,0
Frame_571.csv,0,0
Frame_572.csv,0,0
Frame_573.csv,0,0
Frame_574.csv,0,0
Frame_575.csv,0,0
Frame_576.csv,0,0
Frame_577.csv,0,0
Frame_578.csv,0,0
Frame_579.csv,0,0
Frame_58.csv,0,0
Frame_580.csv,0,0
Frame_581.csv,0,0
Frame_582.csv,0,0
Frame_583.csv,0,0
Frame_584.csv,0,0
Frame_585.csv,0,0
Frame_586.csv,0,0
Frame_587.csv,0,0
Frame_588.csv,0,0
Frame_589.csv,0,0
Frame_59.csv,0,0
Frame_590.csv,0,0
Frame_591.csv,0,0
Frame_592.csv,0,0
Frame_593.csv,0,0
Frame_594.csv,0,0
Frame_595.csv,0,0
Frame_596.csv,0,0
Frame_597.csv,0,0
Frame_598.csv,0,0
Frame_599.csv,0,0
Frame_6.csv,1,1
Frame_60.csv,0,0
Frame_600.csv,0,0
Frame_601.csv,0,0
Frame_602.csv,0,0
Frame_603.csv,0,0
Frame_604.csv,0,0
Frame_605.csv,0,0
Frame_606.csv,0,0
Frame_607.csv,0,0
Frame_608.csv,0,0
Frame_609.csv,0,0
Frame_61.csv,0,0
Frame_610.csv,0,0
Frame_611.csv,0,0
Frame_612.csv,0,1
Frame_613.csv,1,1
Frame_614.csv,0,0
Frame_615.csv,0,0
Frame_616.csv,0,0
Frame_617.csv,0,0
Frame_618.csv,0,0
Frame_619.csv,0,0
Frame_62.csv,0,0
Frame_620.csv,0,0
Frame_621.csv,0,0
Frame_622.csv,0,0
Frame_623.csv,0,0
Frame_624.csv,0,0
Frame_625.csv,0,0
Frame_626.csv,0,0
Frame_627.csv,0,0
Frame_628.csv,0,0
Frame_629.csv,0,0
Frame_63.csv,0,0
Frame_630.csv,0,0
Frame_631.csv,0,0
Frame_632.csv,0,0
Frame_633.csv,0,0
Frame_634.csv,0,0
Frame_635.csv,0,0
Frame_636.csv,0,0
Frame_637.csv,0,1
Frame_638.csv,0,0
Frame_639.csv,0,0
Frame_64.csv,0,0
Frame_640.csv,0,0
Frame_641.csv,0,0
Frame_642.csv,0,0
Frame_643.csv,0,0
Frame_644.csv,0,0
Frame_645.csv,0,0
Frame_646.csv,0,0
Frame_647.csv,0,0
Frame_648.csv,0,0
Frame_649.csv,0,0
Frame_65.csv,0,0
Frame_650.csv,0,0
Frame_651.csv,0,0
Frame_652.csv,0,0
Frame_653.csv,0,0
Frame_654.csv,0,0
Frame_655.csv,0,0
Frame_656.csv,0,0
Frame_657.csv,0,0
Frame_658.csv,0,0
Frame_659.csv,0,0
Frame_66.csv,1,0
Frame_660.csv,0,0
Frame_661.csv,0,0
Frame_662.csv,0,0
Frame_663.csv,0,0
Frame_664.csv,0,0
Frame_665.csv,0,0
Frame_666.csv,0,0
Frame_667.csv,0,0
Frame_668.csv,0,0
Frame_669.csv,0,0
Frame_67.csv,0,0
Frame_670.csv,0,0
Frame_671.csv,0,0
Frame_672.csv,0,0
Frame_673.csv,0,0
Frame_674.csv,0,0
Frame_675.csv,0,0
Frame_676.csv,0,0
Frame_677.csv,0,0
Frame_678.csv,0,0
Frame_679.csv,0,0
Frame_68.csv,0,0
Frame_680.csv,0,0
Frame_681.csv,0,0
Frame_682.csv,0,0
Frame_683.csv,0,0
Frame_684.csv,0,0
Frame_685.csv,0,0
Frame_686.csv,0,0
Frame_687.csv,0,0
Frame_688.csv,0,0
Frame_689.csv,0,0
Frame_69.csv,0,0
Frame_690.csv,0,0
Frame_691.csv,1,1
Frame_692.csv,0,0
Frame_693.csv,0,0
Frame_694.csv,0,0
Frame_695.csv,0,0
Frame_696.csv,0,0
Frame_697.csv,0,0
Frame_698.csv,0,0
Frame_699.csv,0,0
Frame_7.csv,0,1
Frame_70.csv,0,0
Frame_700.csv,0,0
Frame_701.csv,0,0
Frame_702.csv,0,0
Frame_703.csv,0,0
Frame_704.csv,0,0
Frame_705.csv,0,0
Frame_706.csv,0,0
Frame_707.csv,0,0
Frame_708.csv,0,0
Frame_709.csv,0,0
Frame_71.csv,0,0
Frame_710.csv,0,0
Frame_711.csv,0,0
Frame_712.csv,0,0
Frame_713.csv,0,0
Frame_714.csv,0,0
Frame_715.csv,0,0
Frame_716.csv,0,0
Frame_717.csv,0,0
Frame_718.csv,0,0
Frame_719.csv,0,0
Frame_72.csv,0,0
Frame_720.csv,0,0
Frame_721.csv,0,0
Frame_722.csv,1,1
Frame_723.csv,0,0
Frame_724.csv,0,1
Frame_725.csv,0,0
Frame_726.csv,0,0
Frame_727.csv,0,0
Frame_728.csv,0,0
Frame_729.csv,0,0
Frame_73.csv,0,0
Frame_730.csv,0,0
Frame_731.csv,0,0
Frame_732.csv,0,0
Frame_733.csv,0,0
Frame_734.csv,0,0
Frame_735.csv,0,0
Frame_736.csv,0,0
Frame_737.csv,0,0
Frame_738.csv,0,0
Frame_739.csv,0,0
Frame_74.csv,0,0
Frame_740.csv,0,0
Frame_741.csv,0,0
Frame_742.csv,0,0
Frame_743.csv,0,0
Frame_744.csv,0,0
Frame_745.csv,0,0
Frame_746.csv,0,0
Frame_747.csv,0,0
Frame_748.csv,0,0
Frame_749.csv,0,0
Frame_75.csv,0,0
Frame_750.csv,1,1
Frame_751.csv,0,1
Frame_752.csv,0,0
Frame_753.csv,0,0
Frame_754.csv,0,0
Frame_755.csv,0,0
Frame_756.csv,0,0
Frame_757.csv,0,0
Frame_758.csv,0,0
Frame_759.csv,0,0
Frame_76.csv,0,0
Frame_760.csv,0,0
Frame_761.csv,0,0
Frame_762.csv,0,0
Frame_763.csv,0,0
Frame_764.csv,0,0
Frame_765.csv,0,0
Frame_766.csv,0,0
Frame_767.csv,0,0
Frame_768.csv,0,0
Frame_769.csv,0,0
Frame_77.csv,0,0
Frame_770.csv,0,0
Frame_771.csv,0,0
Frame_772.csv,0,0
Frame_773.csv,0,0
Frame_774.csv,0,0
Frame_775.csv,0,0
Frame_776.csv,1,1
Frame_777.csv,0,0
Frame_778.csv,0,0
Frame_779.csv,0,0
Frame_78.csv,0,1
Frame_780.csv,0,0
Frame_781.csv,0,0
Frame_782.csv,0,0
Frame_783.csv,0,0
Frame_784.csv,0,0
Frame_785.csv,0,0
Frame_786.csv,0,0
Frame_787.csv,0,0
Frame_788.csv,0,0
Frame_789.csv,0,0
Frame_79.csv,0,0
Frame_790.csv,0,0
Frame_791.csv,0,0
Frame_792.csv,0,0
Frame_793.csv,0,0
Frame_794.csv,0,0
Frame_795.csv,0,0
Frame_796.csv,0,0
Frame_797.csv,0,0
Frame_798.csv,0,0
Frame_799.csv,0,0
Frame_8.csv,1,1
Frame_80.csv,0,0
Frame_800.csv,0,0
Frame_801.csv,0,0
Frame_802.csv,0,0
Frame_803.csv,0,0
Frame_804.csv,0,0
Frame_805.csv,0,0
Frame_806.csv,0,0
Frame_807.csv,0,0
Frame_808.csv,0,0
Frame_809.csv,0,0
Frame_81.csv,0,1
Frame_810.csv,0,0
Frame_811.csv,0,0
Frame_812.csv,0,0
Frame_813.csv,0,0
Frame_814.csv,0,0
Frame_815.csv,0,0
Frame_816.csv,0,0
Frame_817.csv,0,0
Frame_818.csv,0,0
Frame_819.csv,0,0
Frame_82.csv,0,0
Frame_820.csv,0,0
Frame_821.csv,0,0
Frame_822.csv,0,0
Frame_823.csv,0,0
Frame_824.csv,0,0
Frame_825.csv,0,0
Frame_826.csv,0,0
Frame_827.csv,0,0
Frame_828.csv,0,0
Frame_829.csv,0,0
Frame_83.csv,0,0
Frame_830.csv,0,0
Frame_831.csv,0,0
Frame_832.csv,0,0
Frame_833.csv,0,0
Frame_834.csv,0,0
Frame_835.csv,0,0
Frame_836.csv,0,0
Frame_837.csv,0,0
Frame_838.csv,0,0
Frame_839.csv,0,0
Frame_84.csv,0,1
Frame_840.csv,0,0
Frame_841.csv,0,0
Frame_842.csv,0,0
Frame_843.csv,0,0
Frame_844.csv,0,0
Frame_845.csv,0,0
Frame_846.csv,0,0
Frame_847.csv,0,0
Frame_848.csv,0,0
Frame_849.csv,0,0
Frame_85.csv,0,0
Frame_850.csv,0,0
Frame_851.csv,0,0
Frame_852.csv,0,0
Frame_853.csv,0,0
Frame_854.csv,0,0
Frame_855.csv,0,0
Frame_856.csv,0,0
Frame_857.csv,0,0
Frame_858.csv,0,0
Frame_859.csv,0,0
Frame_86.csv,0,1
Frame_860.csv,0,0
Frame_861.csv,0,1
Frame_862.csv,0,0
Frame_863.csv,0,0
Frame_864.csv,0,0
Frame_865.csv,0,0
Frame_866.csv,0,0
Frame_867.csv,0,0
Frame_868.csv,0,0
Frame_869.csv,0,0
Frame_87.csv,0,0
Frame_870.csv,0,0
Frame_871.csv,0,0
Frame_872.csv,0,0
Frame_873.csv,0,0
Frame_874.csv,0,0
Frame_875.csv,0,0
Frame_876.csv,0,0
Frame_877.csv,0,0
Frame_878.csv,0,0
Frame_879.csv,0,0
Frame_88.csv,0,0
Frame_880.csv,0,0
Frame_881.csv,0,0
Frame_882.csv,0,0
Frame_883.csv,0,0
Frame_884.csv,0,0
Frame_885.csv,0,0
Frame_886.csv,0,0
Frame_887.csv,0,0
Frame_888.csv,0,0
Frame_889.csv,0,0
Frame_89.csv,0,0
Frame_890.csv,0,0
Frame_891.csv,0,0
Frame_892.csv,0,0
Frame_893.csv,0,0
Frame_894.csv,0,0
Frame_895.csv,0,0
Frame_896.csv,0,0
Frame_897.csv,0,0
Frame_898.csv,0,0
Frame_899.csv,0,0
Frame_9.csv,1,1
Frame_90.csv,0,0
Frame_900.csv,0,0
Frame_901.csv,0,0
Frame_902.csv,0,0
Frame_903.csv,0,0
Frame_904.csv,0,0
Frame_905.csv,0,0
Frame_906.csv,0,0
Frame_907.csv,0,0
Frame_908.csv,0,0
Frame_909.csv,0,0
Frame_91.csv,0,0
Frame_910.csv,0,0
Frame_911.csv,0,0
Frame_912.csv,0,0
Frame_913.csv,0,0
Frame_914.csv,0,0
Frame_915.csv,0,0
Frame_916.csv,0,0
Frame_917.csv,0,0
Frame_918.csv,0,0
Frame_919.csv,0,0
Frame_92.csv,0,0
Frame_920.csv,0,0
Frame_921.csv,0,0
Frame_922.csv,0,0
Frame_923.csv,0,0
Frame_924.csv,0,0
Frame_925.csv,0,0
Frame_926.csv,0,0
Frame_927.csv,0,0
Frame_928.csv,0,0
Frame_929.csv,0,0
Frame_93.csv,0,0
Frame_930.csv,0,0
Frame_931.csv,0,0
Frame_932.csv,0,0
Frame_933.csv,0,0
Frame_934.csv,0,0
Frame_935.csv,0,0
Frame_936.csv,0,0
Frame_937.csv,0,0
Frame_938.csv,0,0
Frame_939.csv,0,0
Frame_94.csv,0,0
Frame_940.csv,0,0
Frame_941.csv,0,0
Frame_942.csv,0,0
Frame_943.csv,0,0
Frame_944.csv,1,1
Frame_945.csv,0,0
Frame_946.csv,0,0
Frame_947.csv,0,0
Frame_948.csv,0,0
Frame_949.csv,0,0
Frame_95.csv,0,0
Frame_950.csv,0,0
Frame_951.csv,0,0
Frame_952.csv,0,0
Frame_953.csv,0,0
Frame_954.csv,0,0
Frame_955.csv,0,0
Frame_956.csv,0,0
Frame_957.csv,0,0
Frame_958.csv,0,0
Frame_959.csv,0,0
Frame_96.csv,0,0
Frame_960.csv,0,0
Frame_961.csv,0,0
Frame_962.csv,0,0
Frame_963.csv,0,0
Frame_964.csv,0,0
Frame_965.csv,0,0
Frame_966.csv,0,0
Frame_967.csv,0,0
Frame_968.csv,0,0
Frame_969.csv,0,0
Frame_97.csv,0,0
Frame_970.csv,0,1
Frame_971.csv,0,0
Frame_972.csv,0,0
Frame_973.csv,0,0
Frame_974.csv,0,0
Frame_975.csv,0,0
Frame_976.csv,0,0
Frame_977.csv,0,0
Frame_978.csv,0,0
Frame_979.csv,0,0
Frame_98.csv,0,0
Frame_980.csv,0,0
Frame_981.csv,0,0
Frame_982.csv,0,0
Frame_983.csv,0,0
Frame_984.csv,0,0
Frame_985.csv,0,0
Frame_986.csv,0,0
Frame_987.csv,0,0
Frame_988.csv,0,0
Frame_989.csv,0,0
Frame_99.csv,0,0
Frame_990.csv,0,0
Frame_991.csv,0,0
Frame_992.csv,0,0
Frame_993.csv,0,0
Frame_994.csv,0,0
Frame_995.csv,0,0
Frame_996.csv,0,0
Frame_997.csv,0,0
Frame_998.csv,0,0
Frame_999.csv,0,0
